MM,DD,01,02,03,04,05,06,07,08,09,10,11,12,13,14,15,16,17,18,19,20,21,22,23,24 
01,01,1.25,1.30,1.35,1.41,1.49,1.56,1.55,1.47,1.33,1.19,1.10,1.12,1.27,1.48,1.67,1.84,1.96,2.06,2.07,1.98,1.80,1.55,1.30,1.10
01,02,1.01,1.04,1.10,1.18,1.27,1.39,1.49,1.51,1.46,1.34,1.23,1.17,1.22,1.40,1.64,1.86,2.02,2.13,2.19,2.15,2.00,1.75,1.44,1.14
01,03,0.91,0.82,0.86,0.96,1.08,1.20,1.35,1.46,1.49,1.45,1.34,1.25,1.21,1.31,1.54,1.81,2.05,2.19,2.26,2.27,2.17,1.97,1.64,1.29
01,04,0.95,0.73,0.67,0.74,0.89,1.04,1.20,1.36,1.46,1.49,1.42,1.32,1.25,1.26,1.41,1.68,1.98,2.21,2.31,2.36,2.31,2.16,1.88,1.49
01,05,1.11,0.77,0.58,0.57,0.69,0.90,1.06,1.24,1.40,1.47,1.48,1.38,1.30,1.25,1.31,1.52,1.82,2.14,2.33,2.39,2.40,2.29,2.09,1.73
01,06,1.31,0.92,0.61,0.49,0.54,0.73,0.95,1.13,1.31,1.43,1.49,1.44,1.34,1.28,1.26,1.39,1.64,1.97,2.26,2.39,2.43,2.38,2.22,1.96
01,07,1.54,1.13,0.75,0.51,0.47,0.58,0.82,1.03,1.22,1.38,1.46,1.48,1.39,1.31,1.26,1.29,1.49,1.77,2.10,2.33,2.40,2.41,2.30,2.11
01,08,1.78,1.35,0.96,0.63,0.49,0.51,0.69,0.94,1.13,1.31,1.42,1.47,1.45,1.35,1.29,1.26,1.36,1.59,1.89,2.19,2.34,2.37,2.34,2.19
01,09,1.95,1.57,1.18,0.82,0.58,0.53,0.62,0.85,1.07,1.23,1.38,1.45,1.47,1.41,1.33,1.29,1.29,1.45,1.70,1.99,2.22,2.30,2.30,2.22
01,10,2.04,1.76,1.38,1.03,0.73,0.59,0.62,0.78,1.01,1.19,1.33,1.43,1.46,1.46,1.39,1.33,1.30,1.35,1.53,1.78,2.03,2.18,2.22,2.19
01,11,2.06,1.87,1.56,1.22,0.93,0.71,0.66,0.76,0.95,1.15,1.29,1.40,1.46,1.49,1.47,1.40,1.36,1.33,1.41,1.59,1.81,2.00,2.09,2.10
01,12,2.03,1.90,1.68,1.39,1.11,0.87,0.75,0.77,0.91,1.10,1.26,1.38,1.47,1.51,1.53,1.50,1.45,1.40,1.38,1.45,1.60,1.78,1.90,1.95
01,13,1.94,1.86,1.73,1.52,1.27,1.05,0.88,0.84,0.90,1.06,1.23,1.37,1.47,1.54,1.59,1.60,1.56,1.51,1.43,1.41,1.44,1.55,1.68,1.75
01,14,1.78,1.75,1.69,1.57,1.40,1.21,1.04,0.94,0.94,1.03,1.19,1.34,1.47,1.57,1.64,1.69,1.68,1.64,1.55,1.44,1.39,1.37,1.44,1.52
01,15,1.57,1.59,1.58,1.55,1.46,1.33,1.19,1.07,1.02,1.04,1.15,1.32,1.47,1.60,1.69,1.77,1.81,1.78,1.70,1.56,1.41,1.30,1.23,1.27
01,16,1.31,1.37,1.41,1.44,1.44,1.40,1.31,1.21,1.12,1.10,1.13,1.27,1.44,1.61,1.75,1.85,1.93,1.94,1.88,1.74,1.53,1.32,1.13,1.04
01,17,1.04,1.10,1.19,1.26,1.34,1.39,1.38,1.33,1.25,1.18,1.16,1.22,1.38,1.58,1.78,1.94,2.05,2.10,2.07,1.96,1.75,1.46,1.17,0.92
01,18,0.80,0.81,0.89,1.03,1.16,1.29,1.38,1.40,1.37,1.29,1.22,1.20,1.28,1.48,1.72,1.96,2.15,2.24,2.26,2.19,2.02,1.73,1.36,0.99
01,19,0.69,0.56,0.59,0.73,0.93,1.12,1.29,1.41,1.44,1.40,1.30,1.23,1.22,1.33,1.57,1.87,2.15,2.34,2.42,2.41,2.29,2.06,1.68,1.22
01,20,0.79,0.46,0.35,0.43,0.64,0.90,1.12,1.32,1.45,1.48,1.42,1.29,1.22,1.21,1.36,1.65,2.00,2.32,2.50,2.55,2.52,2.36,2.07,1.61
01,21,1.08,0.61,0.28,0.21,0.35,0.63,0.93,1.16,1.38,1.49,1.50,1.41,1.26,1.18,1.18,1.38,1.72,2.11,2.44,2.58,2.63,2.58,2.40,2.05
01,22,1.50,0.96,0.46,0.17,0.16,0.37,0.71,1.00,1.24,1.45,1.53,1.52,1.37,1.22,1.14,1.16,1.40,1.77,2.19,2.48,2.59,2.64,2.57,2.37
01,23,1.96,1.39,0.85,0.37,0.16,0.22,0.49,0.85,1.11,1.34,1.51,1.56,1.51,1.33,1.19,1.10,1.15,1.43,1.80,2.20,2.44,2.53,2.57,2.49
01,24,2.27,1.82,1.28,0.77,0.36,0.25,0.37,0.68,1.01,1.24,1.44,1.56,1.59,1.50,1.32,1.18,1.08,1.18,1.45,1.80,2.14,2.31,2.39,2.42
01,25,2.33,2.10,1.66,1.19,0.74,0.44,0.41,0.58,0.91,1.18,1.37,1.53,1.61,1.63,1.51,1.34,1.20,1.11,1.22,1.45,1.76,2.01,2.12,2.19
01,26,2.19,2.11,1.88,1.51,1.13,0.77,0.59,0.62,0.83,1.12,1.33,1.49,1.61,1.67,1.67,1.54,1.39,1.24,1.17,1.25,1.42,1.66,1.82,1.88
01,27,1.93,1.92,1.87,1.67,1.39,1.10,0.85,0.77,0.85,1.06,1.30,1.47,1.60,1.69,1.74,1.72,1.60,1.46,1.30,1.22,1.25,1.36,1.50,1.58
01,28,1.62,1.65,1.66,1.64,1.50,1.32,1.12,0.98,0.96,1.05,1.25,1.45,1.59,1.70,1.77,1.82,1.79,1.68,1.53,1.35,1.25,1.21,1.24,1.30
01,29,1.34,1.36,1.40,1.44,1.46,1.39,1.30,1.18,1.11,1.11,1.21,1.39,1.57,1.69,1.80,1.87,1.91,1.87,1.75,1.58,1.38,1.22,1.11,1.08
01,30,1.09,1.11,1.15,1.21,1.29,1.35,1.35,1.31,1.25,1.21,1.22,1.32,1.49,1.66,1.80,1.90,1.97,2.00,1.94,1.80,1.59,1.35,1.14,0.97
01,31,0.90,0.90,0.93,1.00,1.10,1.22,1.31,1.36,1.34,1.30,1.27,1.29,1.39,1.57,1.75,1.91,2.02,2.08,2.08,1.99,1.82,1.56,1.27,1.00
02,01,0.81,0.73,0.75,0.83,0.94,1.07,1.23,1.33,1.38,1.36,1.31,1.28,1.31,1.43,1.63,1.85,2.03,2.12,2.17,2.14,2.01,1.78,1.47,1.14
02,02,0.84,0.65,0.60,0.67,0.81,0.96,1.13,1.28,1.38,1.41,1.36,1.30,1.26,1.31,1.47,1.71,1.97,2.14,2.22,2.23,2.16,1.99,1.69,1.33
02,03,0.98,0.68,0.53,0.53,0.67,0.87,1.04,1.22,1.35,1.42,1.41,1.32,1.26,1.23,1.32,1.53,1.81,2.09,2.23,2.28,2.26,2.14,1.92,1.55
02,04,1.17,0.81,0.55,0.47,0.55,0.76,0.98,1.16,1.33,1.42,1.45,1.37,1.27,1.20,1.20,1.35,1.61,1.93,2.18,2.28,2.31,2.24,2.09,1.78
02,05,1.38,1.00,0.65,0.48,0.49,0.66,0.91,1.12,1.29,1.41,1.46,1.44,1.31,1.21,1.14,1.20,1.41,1.72,2.04,2.24,2.31,2.30,2.19,1.97
02,06,1.60,1.20,0.83,0.56,0.49,0.59,0.83,1.08,1.26,1.41,1.47,1.48,1.39,1.25,1.15,1.11,1.24,1.50,1.83,2.12,2.25,2.29,2.23,2.08
02,07,1.80,1.40,1.03,0.71,0.55,0.58,0.77,1.04,1.24,1.39,1.48,1.50,1.46,1.33,1.20,1.10,1.11,1.31,1.60,1.93,2.14,2.22,2.22,2.12
02,08,1.92,1.59,1.22,0.89,0.65,0.62,0.74,0.98,1.23,1.39,1.49,1.53,1.52,1.43,1.28,1.16,1.08,1.16,1.39,1.68,1.96,2.10,2.14,2.10
02,09,1.96,1.73,1.39,1.07,0.81,0.68,0.75,0.94,1.20,1.39,1.50,1.57,1.57,1.52,1.39,1.25,1.14,1.10,1.22,1.45,1.72,1.92,2.00,2.01
02,10,1.94,1.78,1.52,1.22,0.97,0.80,0.79,0.92,1.15,1.38,1.51,1.59,1.62,1.60,1.52,1.39,1.26,1.14,1.14,1.26,1.47,1.69,1.81,1.86
02,11,1.84,1.76,1.59,1.36,1.12,0.94,0.87,0.94,1.11,1.34,1.51,1.61,1.66,1.67,1.64,1.54,1.41,1.27,1.16,1.16,1.26,1.43,1.58,1.65
02,12,1.67,1.65,1.58,1.44,1.25,1.09,0.98,0.99,1.09,1.29,1.49,1.62,1.70,1.72,1.73,1.69,1.58,1.45,1.29,1.18,1.15,1.20,1.32,1.40
02,13,1.46,1.47,1.47,1.43,1.33,1.22,1.12,1.08,1.13,1.24,1.44,1.61,1.72,1.78,1.81,1.82,1.76,1.64,1.48,1.29,1.15,1.07,1.08,1.14
02,14,1.20,1.25,1.29,1.33,1.34,1.29,1.24,1.18,1.18,1.24,1.36,1.55,1.70,1.82,1.89,1.92,1.93,1.85,1.72,1.51,1.28,1.08,0.93,0.90
02,15,0.93,0.99,1.07,1.15,1.25,1.31,1.31,1.29,1.26,1.26,1.31,1.43,1.62,1.78,1.93,2.02,2.07,2.06,1.97,1.79,1.53,1.23,0.96,0.76
02,16,0.68,0.71,0.81,0.94,1.09,1.24,1.34,1.37,1.36,1.32,1.30,1.33,1.45,1.65,1.86,2.05,2.17,2.23,2.21,2.09,1.87,1.54,1.16,0.81
02,17,0.56,0.47,0.53,0.69,0.90,1.10,1.28,1.40,1.44,1.41,1.33,1.28,1.29,1.42,1.66,1.93,2.18,2.32,2.37,2.35,2.20,1.93,1.52,1.06
02,18,0.65,0.37,0.31,0.43,0.67,0.94,1.17,1.37,1.48,1.50,1.42,1.29,1.21,1.20,1.36,1.66,2.00,2.29,2.43,2.49,2.45,2.28,1.95,1.46
02,19,0.95,0.50,0.23,0.23,0.43,0.76,1.05,1.29,1.48,1.55,1.53,1.38,1.21,1.10,1.09,1.31,1.65,2.05,2.36,2.49,2.56,2.50,2.31,1.91
02,20,1.37,0.84,0.38,0.18,0.27,0.56,0.93,1.21,1.44,1.59,1.62,1.54,1.32,1.13,0.98,1.00,1.27,1.66,2.08,2.35,2.48,2.55,2.48,2.26
02,21,1.80,1.26,0.74,0.34,0.25,0.42,0.78,1.15,1.38,1.58,1.67,1.67,1.51,1.25,1.04,0.88,0.96,1.25,1.66,2.06,2.27,2.39,2.45,2.37
02,22,2.11,1.64,1.15,0.68,0.40,0.42,0.66,1.05,1.36,1.55,1.71,1.74,1.69,1.47,1.21,0.98,0.84,0.96,1.25,1.64,1.97,2.12,2.24,2.26
02,23,2.18,1.90,1.47,1.06,0.69,0.55,0.66,0.95,1.32,1.54,1.70,1.79,1.78,1.69,1.44,1.19,0.96,0.87,1.00,1.26,1.59,1.81,1.92,2.02
02,24,2.02,1.93,1.67,1.34,1.02,0.78,0.76,0.93,1.23,1.53,1.68,1.80,1.83,1.81,1.67,1.43,1.20,0.99,0.94,1.05,1.25,1.49,1.61,1.70
02,25,1.76,1.76,1.68,1.47,1.25,1.04,0.93,1.00,1.18,1.46,1.67,1.78,1.85,1.86,1.82,1.67,1.46,1.24,1.06,1.01,1.07,1.20,1.34,1.40
02,26,1.46,1.50,1.51,1.47,1.35,1.23,1.12,1.11,1.20,1.38,1.60,1.74,1.83,1.88,1.87,1.83,1.69,1.50,1.30,1.13,1.06,1.05,1.11,1.16
02,27,1.19,1.24,1.28,1.33,1.34,1.31,1.26,1.23,1.26,1.35,1.50,1.66,1.78,1.86,1.89,1.90,1.85,1.73,1.55,1.35,1.18,1.05,0.98,0.97
02,28,0.98,1.01,1.07,1.15,1.24,1.30,1.33,1.33,1.33,1.36,1.43,1.55,1.68,1.79,1.88,1.93,1.94,1.90,1.77,1.60,1.38,1.17,1.00,0.88
03,01,0.82,0.83,0.89,0.98,1.10,1.23,1.33,1.38,1.39,1.38,1.39,1.44,1.54,1.68,1.81,1.92,1.97,1.99,1.94,1.81,1.61,1.36,1.11,0.90
03,02,0.75,0.70,0.74,0.85,0.99,1.14,1.29,1.39,1.43,1.42,1.38,1.37,1.41,1.52,1.68,1.85,1.98,2.04,2.05,1.98,1.83,1.58,1.29,1.01
03,03,0.77,0.63,0.63,0.73,0.90,1.07,1.24,1.38,1.46,1.46,1.40,1.34,1.31,1.36,1.50,1.72,1.93,2.05,2.10,2.09,1.99,1.80,1.51,1.18
03,04,0.87,0.65,0.57,0.63,0.81,1.02,1.20,1.36,1.47,1.50,1.44,1.34,1.25,1.22,1.32,1.52,1.79,2.01,2.12,2.15,2.11,1.98,1.73,1.39
03,05,1.04,0.74,0.57,0.57,0.73,0.97,1.18,1.36,1.48,1.54,1.51,1.38,1.24,1.14,1.15,1.31,1.58,1.88,2.08,2.17,2.18,2.10,1.92,1.60
03,06,1.24,0.89,0.64,0.57,0.67,0.91,1.16,1.36,1.50,1.57,1.57,1.46,1.29,1.13,1.04,1.12,1.35,1.67,1.97,2.13,2.19,2.17,2.05,1.80
03,07,1.43,1.08,0.76,0.61,0.65,0.85,1.14,1.36,1.52,1.61,1.62,1.55,1.37,1.18,1.01,0.97,1.13,1.42,1.77,2.02,2.13,2.17,2.11,1.94
03,08,1.63,1.26,0.94,0.70,0.67,0.82,1.09,1.37,1.54,1.65,1.68,1.63,1.49,1.27,1.07,0.92,0.96,1.19,1.51,1.84,2.02,2.10,2.11,2.00
03,09,1.77,1.43,1.11,0.84,0.72,0.82,1.05,1.35,1.57,1.68,1.74,1.71,1.61,1.40,1.17,0.97,0.87,0.99,1.25,1.58,1.85,1.97,2.03,1.99
03,10,1.84,1.58,1.26,1.00,0.82,0.84,1.03,1.31,1.58,1.72,1.78,1.79,1.71,1.56,1.32,1.09,0.91,0.88,1.04,1.31,1.60,1.78,1.87,1.90
03,11,1.83,1.66,1.40,1.14,0.96,0.90,1.02,1.26,1.55,1.74,1.82,1.85,1.81,1.70,1.50,1.26,1.04,0.89,0.91,1.07,1.32,1.55,1.67,1.73
03,12,1.74,1.66,1.49,1.27,1.10,1.00,1.05,1.23,1.48,1.73,1.85,1.88,1.87,1.81,1.68,1.47,1.24,1.03,0.91,0.93,1.07,1.28,1.43,1.51
03,13,1.56,1.56,1.51,1.37,1.22,1.13,1.11,1.22,1.41,1.66,1.84,1.91,1.92,1.89,1.82,1.68,1.47,1.24,1.03,0.92,0.92,1.03,1.17,1.26
03,14,1.33,1.38,1.41,1.39,1.31,1.24,1.21,1.25,1.38,1.56,1.77,1.90,1.95,1.95,1.92,1.86,1.71,1.50,1.27,1.05,0.92,0.87,0.93,1.01
03,15,1.08,1.16,1.24,1.32,1.34,1.33,1.31,1.31,1.37,1.48,1.64,1.81,1.92,1.98,1.99,1.98,1.92,1.78,1.57,1.31,1.06,0.87,0.77,0.78
03,16,0.83,0.92,1.03,1.16,1.29,1.36,1.39,1.40,1.40,1.43,1.51,1.64,1.80,1.92,2.01,2.06,2.07,2.02,1.88,1.65,1.35,1.05,0.79,0.64
03,17,0.62,0.68,0.82,0.98,1.17,1.33,1.44,1.48,1.47,1.43,1.42,1.45,1.57,1.74,1.92,2.07,2.16,2.19,2.14,1.99,1.73,1.38,1.01,0.69
03,18,0.50,0.48,0.60,0.80,1.03,1.25,1.43,1.53,1.56,1.50,1.40,1.33,1.32,1.45,1.67,1.92,2.13,2.25,2.29,2.25,2.09,1.79,1.37,0.94
03,19,0.57,0.38,0.41,0.60,0.89,1.17,1.39,1.57,1.64,1.61,1.47,1.31,1.18,1.15,1.32,1.60,1.93,2.18,2.31,2.38,2.33,2.15,1.79,1.31
03,20,0.85,0.47,0.33,0.45,0.73,1.09,1.36,1.57,1.71,1.72,1.63,1.40,1.17,0.99,0.98,1.20,1.55,1.94,2.19,2.32,2.41,2.35,2.14,1.73
03,21,1.23,0.77,0.42,0.39,0.60,0.97,1.34,1.57,1.75,1.82,1.78,1.59,1.29,1.02,0.81,0.85,1.13,1.52,1.92,2.14,2.28,2.36,2.29,2.05
03,22,1.60,1.14,0.71,0.47,0.55,0.84,1.27,1.59,1.77,1.91,1.90,1.80,1.52,1.18,0.88,0.69,0.79,1.09,1.50,1.85,2.03,2.18,2.23,2.15
03,23,1.88,1.46,1.06,0.71,0.62,0.80,1.15,1.56,1.79,1.94,2.00,1.94,1.77,1.43,1.09,0.78,0.65,0.79,1.09,1.48,1.73,1.89,2.03,2.05
03,24,1.96,1.67,1.33,1.02,0.79,0.84,1.09,1.46,1.79,1.94,2.04,2.04,1.94,1.70,1.35,1.02,0.74,0.69,0.83,1.10,1.41,1.58,1.72,1.82
03,25,1.83,1.73,1.48,1.25,1.03,0.96,1.10,1.37,1.71,1.93,2.02,2.07,2.02,1.89,1.62,1.30,1.00,0.78,0.76,0.88,1.10,1.31,1.42,1.54
03,26,1.61,1.62,1.53,1.36,1.23,1.12,1.16,1.33,1.59,1.85,1.98,2.04,2.05,1.97,1.83,1.56,1.28,1.02,0.85,0.84,0.92,1.07,1.18,1.26
03,27,1.36,1.42,1.44,1.39,1.32,1.27,1.25,1.35,1.51,1.72,1.90,1.98,2.02,2.00,1.92,1.77,1.54,1.30,1.07,0.93,0.89,0.92,0.99,1.05
03,28,1.12,1.21,1.28,1.33,1.34,1.35,1.35,1.38,1.48,1.61,1.76,1.87,1.94,1.97,1.95,1.88,1.75,1.55,1.33,1.13,0.98,0.90,0.88,0.90
03,29,0.94,1.02,1.12,1.22,1.31,1.37,1.42,1.44,1.47,1.54,1.63,1.72,1.81,1.88,1.92,1.92,1.86,1.75,1.57,1.37,1.16,0.99,0.87,0.81
03,30,0.81,0.87,0.97,1.10,1.24,1.36,1.45,1.49,1.50,1.50,1.53,1.57,1.65,1.75,1.84,1.90,1.91,1.87,1.77,1.60,1.38,1.16,0.96,0.81
03,31,0.74,0.76,0.85,1.00,1.17,1.32,1.45,1.53,1.54,1.51,1.46,1.45,1.48,1.58,1.71,1.84,1.92,1.93,1.90,1.79,1.60,1.36,1.11,0.89
04,01,0.74,0.69,0.77,0.92,1.11,1.29,1.45,1.56,1.59,1.54,1.45,1.37,1.34,1.39,1.53,1.71,1.87,1.95,1.97,1.92,1.79,1.57,1.30,1.03
04,02,0.81,0.69,0.71,0.86,1.07,1.28,1.45,1.58,1.64,1.60,1.49,1.35,1.23,1.22,1.32,1.52,1.75,1.91,1.99,2.00,1.93,1.76,1.50,1.21
04,03,0.93,0.74,0.70,0.81,1.03,1.28,1.47,1.61,1.69,1.68,1.56,1.38,1.20,1.08,1.11,1.29,1.56,1.81,1.95,2.02,2.01,1.91,1.69,1.39
04,04,1.09,0.83,0.72,0.78,0.99,1.27,1.50,1.66,1.75,1.76,1.67,1.47,1.24,1.02,0.94,1.06,1.30,1.62,1.85,1.98,2.03,1.99,1.85,1.58
04,05,1.26,0.98,0.78,0.79,0.95,1.24,1.52,1.70,1.81,1.84,1.78,1.60,1.33,1.07,0.86,0.86,1.04,1.35,1.67,1.87,1.98,2.01,1.93,1.74
04,06,1.43,1.14,0.90,0.81,0.94,1.20,1.52,1.75,1.87,1.93,1.88,1.75,1.48,1.18,0.90,0.74,0.82,1.07,1.41,1.69,1.84,1.94,1.94,1.83
04,07,1.59,1.29,1.05,0.89,0.94,1.16,1.48,1.78,1.93,1.99,1.99,1.88,1.67,1.34,1.03,0.76,0.68,0.83,1.11,1.44,1.66,1.79,1.87,1.84
04,08,1.69,1.43,1.18,1.01,0.97,1.14,1.42,1.75,1.97,2.04,2.06,2.00,1.83,1.56,1.21,0.90,0.68,0.67,0.86,1.15,1.43,1.59,1.71,1.76
04,09,1.71,1.54,1.30,1.14,1.05,1.13,1.36,1.67,1.96,2.08,2.10,2.08,1.97,1.77,1.45,1.11,0.82,0.65,0.69,0.88,1.15,1.36,1.48,1.59
04,10,1.63,1.57,1.42,1.25,1.16,1.16,1.32,1.58,1.87,2.08,2.13,2.12,2.06,1.93,1.70,1.38,1.06,0.79,0.67,0.71,0.88,1.10,1.24,1.36
04,11,1.46,1.50,1.47,1.35,1.27,1.24,1.31,1.50,1.74,1.99,2.11,2.13,2.10,2.03,1.90,1.66,1.35,1.05,0.81,0.70,0.72,0.85,1.01,1.12
04,12,1.24,1.34,1.41,1.41,1.36,1.34,1.36,1.45,1.62,1.83,2.01,2.09,2.10,2.07,2.01,1.89,1.66,1.38,1.09,0.84,0.71,0.69,0.79,0.89
04,13,1.01,1.13,1.26,1.37,1.42,1.43,1.44,1.46,1.54,1.66,1.83,1.96,2.03,2.06,2.05,2.02,1.91,1.71,1.44,1.14,0.88,0.70,0.65,0.70
04,14,0.80,0.94,1.09,1.26,1.41,1.49,1.52,1.52,1.52,1.54,1.61,1.74,1.86,1.96,2.03,2.06,2.05,1.97,1.78,1.51,1.19,0.89,0.67,0.58
04,15,0.62,0.76,0.94,1.14,1.34,1.51,1.60,1.62,1.57,1.50,1.46,1.48,1.58,1.74,1.89,2.01,2.08,2.11,2.04,1.86,1.57,1.22,0.88,0.62
04,16,0.52,0.60,0.79,1.03,1.27,1.49,1.65,1.71,1.68,1.56,1.41,1.30,1.28,1.40,1.61,1.83,2.00,2.10,2.15,2.10,1.92,1.60,1.21,0.84
04,17,0.57,0.51,0.66,0.93,1.23,1.48,1.68,1.80,1.81,1.70,1.49,1.27,1.09,1.06,1.23,1.50,1.79,1.98,2.10,2.17,2.12,1.93,1.58,1.17
04,18,0.80,0.55,0.59,0.82,1.17,1.50,1.71,1.88,1.94,1.87,1.67,1.37,1.08,0.86,0.86,1.09,1.41,1.74,1.93,2.07,2.15,2.09,1.88,1.50
04,19,1.11,0.76,0.61,0.75,1.06,1.47,1.77,1.94,2.05,2.03,1.89,1.59,1.22,0.89,0.66,0.73,0.99,1.36,1.67,1.85,2.01,2.07,2.00,1.77
04,20,1.40,1.06,0.78,0.75,0.98,1.37,1.77,1.99,2.12,2.16,2.07,1.85,1.46,1.07,0.71,0.55,0.66,0.94,1.32,1.58,1.74,1.91,1.95,1.87
04,21,1.62,1.30,1.03,0.86,0.96,1.26,1.67,2.01,2.15,2.24,2.20,2.06,1.76,1.33,0.94,0.60,0.51,0.66,0.94,1.27,1.47,1.64,1.78,1.80
04,22,1.71,1.47,1.24,1.05,1.01,1.21,1.54,1.92,2.15,2.23,2.27,2.17,1.99,1.63,1.22,0.85,0.57,0.55,0.69,0.96,1.21,1.36,1.53,1.63
04,23,1.65,1.55,1.36,1.23,1.13,1.21,1.45,1.77,2.07,2.20,2.25,2.23,2.10,1.87,1.50,1.13,0.80,0.61,0.61,0.74,0.97,1.14,1.27,1.42
04,24,1.49,1.51,1.42,1.32,1.26,1.26,1.41,1.64,1.91,2.11,2.18,2.20,2.14,2.00,1.75,1.41,1.09,0.81,0.68,0.68,0.79,0.95,1.07,1.20
04,25,1.32,1.39,1.41,1.37,1.35,1.34,1.40,1.56,1.76,1.96,2.07,2.11,2.11,2.03,1.89,1.64,1.35,1.08,0.85,0.75,0.74,0.82,0.92,1.02
04,26,1.14,1.25,1.33,1.38,1.39,1.41,1.44,1.52,1.64,1.79,1.92,1.99,2.02,2.01,1.93,1.80,1.58,1.33,1.09,0.91,0.80,0.78,0.82,0.89
04,27,0.99,1.11,1.23,1.33,1.41,1.46,1.50,1.52,1.57,1.65,1.74,1.82,1.89,1.92,1.92,1.86,1.74,1.55,1.33,1.12,0.95,0.83,0.79,0.80
04,28,0.88,0.99,1.13,1.27,1.40,1.50,1.55,1.56,1.56,1.56,1.60,1.64,1.72,1.79,1.84,1.85,1.81,1.71,1.55,1.34,1.14,0.96,0.84,0.78
04,29,0.80,0.91,1.05,1.22,1.37,1.51,1.60,1.62,1.59,1.53,1.48,1.48,1.52,1.62,1.72,1.79,1.82,1.79,1.70,1.54,1.34,1.13,0.94,0.82
04,30,0.78,0.85,0.99,1.17,1.36,1.52,1.64,1.69,1.65,1.56,1.44,1.35,1.34,1.41,1.54,1.68,1.78,1.81,1.78,1.69,1.52,1.31,1.09,0.90
05,01,0.81,0.82,0.95,1.15,1.36,1.55,1.68,1.75,1.73,1.63,1.46,1.29,1.19,1.20,1.32,1.50,1.67,1.78,1.81,1.79,1.68,1.49,1.26,1.03
05,02,0.86,0.83,0.92,1.12,1.37,1.59,1.74,1.83,1.83,1.73,1.54,1.31,1.10,1.01,1.08,1.26,1.50,1.68,1.78,1.82,1.78,1.64,1.43,1.18
05,03,0.97,0.85,0.90,1.09,1.36,1.63,1.81,1.91,1.93,1.86,1.67,1.39,1.11,0.89,0.86,0.99,1.24,1.51,1.68,1.78,1.82,1.75,1.58,1.34
05,04,1.10,0.93,0.90,1.06,1.33,1.64,1.87,1.99,2.04,1.99,1.83,1.55,1.21,0.90,0.71,0.74,0.95,1.25,1.51,1.66,1.77,1.79,1.70,1.50
05,05,1.25,1.05,0.94,1.03,1.28,1.61,1.91,2.07,2.13,2.12,1.99,1.75,1.38,1.01,0.70,0.57,0.68,0.94,1.26,1.48,1.63,1.75,1.74,1.62
05,06,1.39,1.17,1.04,1.03,1.23,1.54,1.89,2.13,2.20,2.22,2.14,1.95,1.62,1.21,0.83,0.54,0.50,0.66,0.95,1.25,1.44,1.60,1.69,1.66
05,07,1.52,1.30,1.14,1.08,1.18,1.46,1.80,2.11,2.26,2.28,2.26,2.12,1.87,1.48,1.05,0.68,0.45,0.47,0.66,0.96,1.21,1.38,1.54,1.61
05,08,1.57,1.42,1.25,1.17,1.18,1.37,1.67,2.01,2.25,2.31,2.31,2.24,2.07,1.77,1.35,0.94,0.60,0.43,0.48,0.68,0.95,1.15,1.32,1.47
05,09,1.53,1.49,1.36,1.25,1.23,1.31,1.54,1.84,2.13,2.29,2.30,2.28,2.19,2.00,1.68,1.27,0.89,0.58,0.45,0.51,0.70,0.92,1.09,1.26
05,10,1.40,1.46,1.44,1.36,1.32,1.33,1.45,1.67,1.93,2.16,2.25,2.25,2.22,2.12,1.94,1.62,1.25,0.88,0.61,0.50,0.54,0.71,0.88,1.04
05,11,1.20,1.34,1.43,1.44,1.41,1.41,1.43,1.54,1.72,1.94,2.10,2.16,2.17,2.14,2.06,1.90,1.61,1.26,0.92,0.66,0.54,0.57,0.70,0.86
05,12,1.02,1.18,1.34,1.46,1.50,1.50,1.49,1.50,1.57,1.69,1.85,1.98,2.04,2.06,2.06,2.02,1.88,1.62,1.30,0.97,0.72,0.58,0.59,0.71
05,13,0.87,1.04,1.23,1.41,1.55,1.60,1.60,1.56,1.51,1.51,1.57,1.70,1.82,1.91,1.96,1.99,1.98,1.87,1.65,1.35,1.02,0.76,0.61,0.61
05,14,0.75,0.94,1.14,1.35,1.54,1.68,1.72,1.68,1.57,1.45,1.38,1.39,1.50,1.64,1.77,1.87,1.93,1.96,1.87,1.67,1.38,1.06,0.79,0.63
05,15,0.67,0.85,1.08,1.33,1.54,1.72,1.83,1.82,1.71,1.52,1.33,1.18,1.17,1.29,1.48,1.65,1.78,1.87,1.93,1.86,1.68,1.38,1.07,0.80
05,16,0.68,0.77,1.01,1.31,1.58,1.77,1.92,1.97,1.89,1.70,1.42,1.15,0.95,0.94,1.10,1.33,1.55,1.69,1.82,1.88,1.83,1.65,1.35,1.06
05,17,0.82,0.76,0.94,1.24,1.59,1.84,2.00,2.10,2.06,1.92,1.62,1.27,0.94,0.73,0.76,0.95,1.22,1.46,1.61,1.76,1.82,1.77,1.59,1.30
05,18,1.04,0.85,0.90,1.15,1.52,1.88,2.08,2.19,2.22,2.11,1.88,1.50,1.10,0.74,0.55,0.62,0.85,1.15,1.37,1.53,1.70,1.75,1.70,1.49
05,19,1.25,1.04,0.93,1.08,1.40,1.80,2.12,2.25,2.32,2.27,2.10,1.79,1.35,0.93,0.57,0.45,0.55,0.80,1.11,1.29,1.48,1.63,1.66,1.60
05,20,1.40,1.21,1.06,1.07,1.30,1.65,2.04,2.26,2.34,2.36,2.25,2.04,1.65,1.20,0.79,0.47,0.42,0.54,0.81,1.07,1.24,1.44,1.55,1.58
05,21,1.49,1.32,1.20,1.13,1.24,1.51,1.86,2.19,2.32,2.37,2.33,2.18,1.91,1.49,1.06,0.68,0.45,0.44,0.58,0.84,1.04,1.22,1.40,1.48
05,22,1.50,1.40,1.29,1.23,1.23,1.41,1.69,2.01,2.24,2.31,2.33,2.25,2.07,1.76,1.34,0.96,0.63,0.48,0.50,0.65,0.87,1.03,1.21,1.35
05,23,1.42,1.43,1.35,1.30,1.29,1.36,1.57,1.82,2.08,2.21,2.25,2.24,2.12,1.93,1.60,1.22,0.89,0.63,0.54,0.58,0.73,0.90,1.04,1.21
05,24,1.32,1.38,1.39,1.35,1.35,1.37,1.48,1.67,1.88,2.06,2.14,2.16,2.11,1.99,1.78,1.47,1.15,0.86,0.67,0.61,0.66,0.79,0.93,1.07
05,25,1.21,1.31,1.38,1.40,1.40,1.42,1.45,1.56,1.71,1.87,1.98,2.04,2.04,1.98,1.86,1.65,1.38,1.10,0.86,0.72,0.68,0.74,0.84,0.97
05,26,1.10,1.23,1.34,1.42,1.46,1.48,1.48,1.51,1.58,1.69,1.79,1.87,1.92,1.91,1.86,1.74,1.56,1.32,1.08,0.89,0.77,0.75,0.80,0.89
05,27,1.02,1.16,1.29,1.41,1.50,1.55,1.55,1.53,1.52,1.54,1.61,1.67,1.75,1.79,1.80,1.76,1.66,1.50,1.29,1.08,0.92,0.81,0.80,0.85
05,28,0.96,1.11,1.26,1.41,1.53,1.61,1.63,1.59,1.53,1.46,1.45,1.48,1.54,1.63,1.68,1.71,1.68,1.60,1.46,1.27,1.09,0.93,0.84,0.85
05,29,0.92,1.07,1.24,1.41,1.57,1.67,1.72,1.69,1.59,1.47,1.34,1.30,1.32,1.41,1.52,1.60,1.65,1.63,1.56,1.43,1.25,1.08,0.93,0.87
05,30,0.92,1.04,1.23,1.43,1.61,1.74,1.81,1.80,1.70,1.53,1.34,1.17,1.12,1.17,1.30,1.44,1.55,1.61,1.60,1.54,1.40,1.23,1.06,0.93
05,31,0.92,1.02,1.21,1.45,1.66,1.82,1.91,1.92,1.84,1.65,1.41,1.15,0.97,0.93,1.03,1.20,1.38,1.51,1.58,1.59,1.52,1.38,1.20,1.04
06,01,0.94,1.00,1.17,1.43,1.70,1.90,2.01,2.05,1.99,1.82,1.55,1.22,0.92,0.75,0.76,0.91,1.14,1.34,1.48,1.57,1.58,1.50,1.34,1.16
06,02,1.03,0.99,1.12,1.38,1.69,1.96,2.11,2.17,2.15,2.01,1.76,1.39,1.01,0.69,0.56,0.63,0.84,1.10,1.31,1.46,1.57,1.57,1.47,1.30
06,03,1.13,1.04,1.08,1.30,1.62,1.95,2.19,2.27,2.29,2.19,1.99,1.64,1.20,0.80,0.49,0.41,0.54,0.79,1.08,1.28,1.45,1.56,1.54,1.43
06,04,1.24,1.12,1.09,1.21,1.50,1.86,2.18,2.34,2.38,2.35,2.20,1.93,1.50,1.03,0.61,0.34,0.32,0.49,0.79,1.06,1.25,1.44,1.53,1.50
06,05,1.37,1.21,1.14,1.16,1.37,1.70,2.06,2.34,2.42,2.43,2.36,2.17,1.84,1.35,0.88,0.48,0.26,0.30,0.50,0.80,1.04,1.24,1.43,1.49
06,06,1.46,1.32,1.21,1.18,1.26,1.52,1.86,2.20,2.40,2.44,2.43,2.33,2.11,1.74,1.24,0.78,0.41,0.25,0.32,0.54,0.82,1.03,1.24,1.40
06,07,1.46,1.43,1.31,1.24,1.24,1.36,1.63,1.95,2.24,2.37,2.39,2.38,2.26,2.04,1.64,1.17,0.74,0.40,0.29,0.38,0.61,0.85,1.05,1.25
06,08,1.39,1.45,1.43,1.34,1.30,1.31,1.44,1.69,1.97,2.19,2.28,2.30,2.28,2.17,1.95,1.56,1.14,0.73,0.45,0.37,0.46,0.68,0.89,1.08
06,09,1.26,1.40,1.48,1.46,1.41,1.37,1.37,1.48,1.67,1.90,2.07,2.14,2.16,2.15,2.07,1.86,1.51,1.13,0.77,0.54,0.47,0.56,0.76,0.96
06,10,1.14,1.31,1.46,1.55,1.55,1.50,1.43,1.40,1.46,1.59,1.77,1.90,1.96,2.00,2.00,1.95,1.78,1.49,1.15,0.83,0.63,0.57,0.67,0.86
06,11,1.06,1.24,1.42,1.57,1.66,1.65,1.58,1.47,1.39,1.38,1.45,1.58,1.70,1.77,1.82,1.85,1.84,1.70,1.47,1.18,0.90,0.72,0.68,0.80
06,12,1.00,1.21,1.40,1.58,1.73,1.80,1.76,1.64,1.46,1.32,1.23,1.26,1.37,1.48,1.58,1.65,1.72,1.74,1.64,1.45,1.20,0.96,0.80,0.79
06,13,0.94,1.17,1.41,1.61,1.77,1.90,1.92,1.83,1.65,1.40,1.19,1.04,1.04,1.15,1.28,1.41,1.51,1.61,1.65,1.59,1.44,1.21,1.01,0.88
06,14,0.91,1.11,1.38,1.64,1.84,1.98,2.06,2.02,1.87,1.61,1.30,1.01,0.83,0.84,0.96,1.12,1.27,1.39,1.52,1.59,1.55,1.41,1.21,1.04
06,15,0.95,1.04,1.30,1.61,1.89,2.06,2.16,2.18,2.07,1.86,1.51,1.15,0.82,0.64,0.66,0.81,1.01,1.18,1.32,1.47,1.53,1.51,1.37,1.20
06,16,1.06,1.03,1.20,1.50,1.85,2.11,2.23,2.29,2.24,2.08,1.79,1.38,0.98,0.64,0.49,0.54,0.72,0.95,1.12,1.30,1.44,1.50,1.47,1.32
06,17,1.18,1.09,1.13,1.36,1.70,2.06,2.27,2.34,2.36,2.25,2.04,1.66,1.23,0.81,0.49,0.40,0.48,0.70,0.94,1.11,1.30,1.43,1.47,1.41
06,18,1.27,1.18,1.13,1.25,1.53,1.88,2.21,2.35,2.39,2.36,2.20,1.94,1.50,1.07,0.66,0.40,0.36,0.49,0.74,0.95,1.14,1.33,1.42,1.45
06,19,1.35,1.25,1.19,1.19,1.38,1.68,2.03,2.28,2.36,2.39,2.30,2.11,1.78,1.34,0.92,0.56,0.38,0.39,0.56,0.81,1.00,1.19,1.34,1.41
06,20,1.41,1.31,1.24,1.21,1.29,1.51,1.80,2.12,2.28,2.33,2.32,2.19,1.98,1.60,1.18,0.80,0.51,0.41,0.47,0.67,0.89,1.06,1.24,1.35
06,21,1.40,1.37,1.29,1.26,1.26,1.39,1.62,1.90,2.14,2.24,2.27,2.21,2.06,1.81,1.43,1.06,0.72,0.51,0.48,0.58,0.79,0.97,1.14,1.28
06,22,1.36,1.40,1.36,1.31,1.29,1.33,1.48,1.69,1.93,2.10,2.16,2.16,2.07,1.91,1.63,1.28,0.96,0.69,0.57,0.58,0.72,0.90,1.06,1.20
06,23,1.31,1.38,1.41,1.38,1.35,1.34,1.39,1.53,1.72,1.90,2.01,2.05,2.02,1.92,1.75,1.48,1.18,0.90,0.71,0.64,0.70,0.84,1.00,1.14
06,24,1.27,1.36,1.43,1.45,1.44,1.40,1.38,1.43,1.54,1.69,1.82,1.90,1.91,1.87,1.77,1.60,1.36,1.11,0.88,0.76,0.73,0.82,0.95,1.10
06,25,1.24,1.35,1.45,1.51,1.53,1.51,1.45,1.41,1.42,1.50,1.60,1.69,1.76,1.76,1.73,1.64,1.48,1.28,1.07,0.91,0.82,0.83,0.93,1.06
06,26,1.21,1.34,1.46,1.56,1.61,1.62,1.56,1.47,1.40,1.36,1.40,1.47,1.54,1.60,1.62,1.60,1.53,1.40,1.23,1.06,0.94,0.88,0.92,1.04
06,27,1.18,1.35,1.48,1.61,1.70,1.73,1.69,1.58,1.45,1.32,1.24,1.25,1.30,1.39,1.46,1.50,1.51,1.45,1.35,1.21,1.07,0.98,0.94,1.02
06,28,1.16,1.34,1.52,1.67,1.79,1.84,1.83,1.73,1.56,1.36,1.17,1.07,1.07,1.13,1.24,1.33,1.41,1.44,1.42,1.33,1.21,1.09,1.01,1.01
06,29,1.13,1.31,1.53,1.72,1.87,1.97,1.97,1.90,1.73,1.49,1.22,0.98,0.86,0.87,0.97,1.12,1.25,1.36,1.42,1.41,1.33,1.22,1.11,1.05
06,30,1.09,1.25,1.49,1.74,1.95,2.08,2.13,2.08,1.94,1.69,1.36,1.02,0.75,0.64,0.68,0.83,1.03,1.20,1.34,1.42,1.42,1.34,1.22,1.12
07,01,1.09,1.18,1.40,1.69,1.98,2.17,2.26,2.26,2.15,1.94,1.61,1.20,0.81,0.53,0.44,0.53,0.74,0.98,1.18,1.34,1.44,1.43,1.35,1.21
07,02,1.13,1.13,1.28,1.56,1.89,2.19,2.35,2.39,2.36,2.19,1.92,1.50,1.02,0.61,0.33,0.30,0.44,0.70,0.97,1.18,1.37,1.45,1.44,1.33
07,03,1.20,1.14,1.17,1.38,1.71,2.07,2.36,2.47,2.49,2.41,2.21,1.87,1.37,0.87,0.44,0.20,0.22,0.41,0.72,0.99,1.21,1.40,1.46,1.44
07,04,1.30,1.18,1.15,1.22,1.48,1.84,2.21,2.45,2.52,2.53,2.43,2.19,1.79,1.24,0.75,0.32,0.14,0.21,0.46,0.78,1.03,1.26,1.42,1.47
07,05,1.43,1.28,1.18,1.15,1.26,1.56,1.92,2.28,2.46,2.51,2.52,2.39,2.14,1.68,1.15,0.66,0.28,0.17,0.28,0.56,0.87,1.10,1.32,1.45
07,06,1.49,1.42,1.27,1.19,1.16,1.31,1.61,1.96,2.26,2.39,2.45,2.44,2.31,2.04,1.57,1.08,0.62,0.31,0.26,0.41,0.71,0.97,1.18,1.38
07,07,1.49,1.52,1.43,1.30,1.22,1.19,1.35,1.61,1.92,2.16,2.26,2.31,2.29,2.18,1.90,1.47,1.03,0.63,0.40,0.40,0.58,0.86,1.09,1.29
07,08,1.45,1.55,1.57,1.47,1.36,1.25,1.23,1.35,1.56,1.82,1.99,2.07,2.12,2.10,2.01,1.76,1.39,1.02,0.69,0.55,0.58,0.77,1.02,1.22
07,09,1.40,1.54,1.64,1.65,1.55,1.43,1.29,1.25,1.32,1.47,1.66,1.78,1.84,1.88,1.89,1.83,1.62,1.34,1.03,0.79,0.70,0.76,0.96,1.19
07,10,1.37,1.53,1.65,1.75,1.75,1.65,1.49,1.33,1.24,1.23,1.33,1.45,1.54,1.60,1.65,1.69,1.66,1.52,1.31,1.08,0.91,0.85,0.93,1.14
07,11,1.35,1.53,1.68,1.80,1.88,1.85,1.73,1.53,1.33,1.18,1.11,1.15,1.23,1.30,1.37,1.44,1.51,1.53,1.45,1.31,1.14,1.02,0.98,1.09
07,12,1.30,1.52,1.70,1.85,1.95,2.00,1.94,1.78,1.54,1.29,1.07,0.95,0.95,1.01,1.09,1.18,1.28,1.40,1.44,1.41,1.32,1.19,1.10,1.09
07,13,1.22,1.45,1.69,1.89,2.02,2.10,2.11,2.00,1.80,1.50,1.19,0.92,0.77,0.76,0.83,0.95,1.07,1.20,1.34,1.41,1.40,1.32,1.22,1.15
07,14,1.17,1.34,1.59,1.86,2.06,2.17,2.22,2.18,2.03,1.77,1.41,1.06,0.76,0.60,0.61,0.71,0.87,1.02,1.18,1.33,1.40,1.40,1.31,1.23
07,15,1.18,1.24,1.45,1.73,2.02,2.21,2.28,2.30,2.20,2.01,1.68,1.29,0.91,0.60,0.47,0.51,0.67,0.87,1.03,1.22,1.35,1.42,1.39,1.29
07,16,1.22,1.19,1.30,1.55,1.87,2.16,2.30,2.35,2.32,2.19,1.95,1.55,1.14,0.75,0.47,0.40,0.49,0.71,0.92,1.11,1.29,1.39,1.43,1.36
07,17,1.26,1.20,1.21,1.37,1.65,2.00,2.26,2.35,2.38,2.31,2.14,1.82,1.39,0.98,0.61,0.40,0.39,0.55,0.80,1.01,1.21,1.35,1.42,1.42
07,18,1.32,1.24,1.18,1.24,1.46,1.76,2.10,2.30,2.36,2.36,2.24,2.03,1.66,1.23,0.83,0.51,0.40,0.46,0.68,0.93,1.12,1.30,1.40,1.45
07,19,1.40,1.28,1.22,1.18,1.30,1.55,1.87,2.16,2.29,2.33,2.29,2.14,1.88,1.47,1.07,0.71,0.49,0.46,0.59,0.84,1.06,1.24,1.38,1.44
07,20,1.45,1.36,1.26,1.20,1.21,1.38,1.64,1.95,2.17,2.25,2.26,2.17,2.00,1.69,1.30,0.94,0.64,0.53,0.58,0.77,1.01,1.19,1.34,1.43
07,21,1.46,1.44,1.34,1.26,1.20,1.26,1.46,1.72,1.98,2.12,2.17,2.15,2.03,1.82,1.49,1.15,0.84,0.65,0.62,0.74,0.96,1.16,1.31,1.42
07,22,1.48,1.49,1.44,1.34,1.27,1.23,1.32,1.51,1.75,1.94,2.04,2.05,1.99,1.86,1.63,1.33,1.04,0.81,0.71,0.76,0.92,1.12,1.29,1.41
07,23,1.49,1.53,1.52,1.46,1.37,1.28,1.27,1.35,1.52,1.71,1.85,1.91,1.90,1.83,1.69,1.46,1.21,0.98,0.83,0.81,0.91,1.09,1.27,1.41
07,24,1.50,1.57,1.60,1.57,1.50,1.40,1.31,1.29,1.35,1.48,1.62,1.71,1.74,1.72,1.66,1.53,1.34,1.15,0.98,0.91,0.93,1.06,1.24,1.39
07,25,1.52,1.60,1.66,1.68,1.64,1.56,1.43,1.32,1.26,1.29,1.38,1.47,1.54,1.56,1.56,1.52,1.41,1.27,1.13,1.02,1.00,1.05,1.21,1.37
07,26,1.52,1.64,1.72,1.78,1.78,1.72,1.59,1.43,1.29,1.18,1.17,1.23,1.29,1.36,1.39,1.43,1.42,1.35,1.25,1.15,1.09,1.09,1.17,1.34
07,27,1.50,1.66,1.78,1.87,1.91,1.88,1.78,1.60,1.39,1.20,1.04,1.00,1.03,1.10,1.19,1.27,1.34,1.36,1.34,1.27,1.20,1.16,1.18,1.28
07,28,1.46,1.64,1.82,1.95,2.03,2.05,1.98,1.82,1.59,1.31,1.05,0.86,0.80,0.83,0.93,1.06,1.19,1.31,1.36,1.36,1.31,1.25,1.21,1.24
07,29,1.37,1.57,1.79,2.00,2.14,2.20,2.18,2.06,1.85,1.54,1.19,0.87,0.65,0.59,0.65,0.80,0.99,1.17,1.32,1.40,1.40,1.35,1.27,1.24
07,30,1.27,1.43,1.68,1.94,2.18,2.32,2.35,2.30,2.13,1.86,1.47,1.05,0.68,0.44,0.40,0.52,0.74,0.98,1.19,1.37,1.45,1.45,1.37,1.27
07,31,1.23,1.28,1.48,1.77,2.09,2.35,2.46,2.48,2.40,2.19,1.86,1.38,0.91,0.50,0.27,0.28,0.46,0.76,1.03,1.26,1.44,1.50,1.48,1.36
08,01,1.24,1.20,1.26,1.51,1.85,2.21,2.47,2.56,2.57,2.46,2.22,1.82,1.28,0.77,0.35,0.18,0.25,0.51,0.85,1.12,1.35,1.51,1.54,1.49
08,02,1.32,1.20,1.14,1.23,1.53,1.91,2.29,2.51,2.59,2.61,2.48,2.21,1.73,1.17,0.67,0.27,0.17,0.32,0.64,0.99,1.24,1.46,1.57,1.59
08,03,1.47,1.28,1.15,1.08,1.22,1.54,1.94,2.31,2.48,2.56,2.57,2.43,2.13,1.61,1.08,0.59,0.28,0.27,0.48,0.84,1.15,1.37,1.56,1.64
08,04,1.62,1.45,1.25,1.11,1.04,1.22,1.54,1.93,2.24,2.37,2.46,2.45,2.31,1.98,1.49,1.01,0.58,0.38,0.45,0.71,1.07,1.32,1.52,1.66
08,05,1.70,1.65,1.45,1.26,1.09,1.05,1.23,1.52,1.87,2.09,2.20,2.28,2.26,2.13,1.80,1.38,0.97,0.64,0.55,0.68,0.97,1.28,1.48,1.64
08,06,1.74,1.77,1.68,1.48,1.28,1.10,1.08,1.23,1.47,1.74,1.89,1.98,2.03,2.02,1.91,1.63,1.30,0.98,0.77,0.77,0.93,1.21,1.46,1.62
08,07,1.75,1.82,1.83,1.73,1.54,1.33,1.15,1.12,1.20,1.38,1.56,1.65,1.72,1.76,1.78,1.69,1.49,1.27,1.05,0.94,0.98,1.16,1.41,1.61
08,08,1.74,1.85,1.90,1.90,1.79,1.60,1.38,1.20,1.13,1.14,1.24,1.34,1.40,1.46,1.51,1.56,1.53,1.42,1.28,1.15,1.11,1.17,1.34,1.55
08,09,1.72,1.85,1.94,1.99,1.98,1.86,1.67,1.43,1.23,1.09,1.04,1.07,1.12,1.17,1.24,1.32,1.41,1.43,1.40,1.32,1.25,1.24,1.30,1.46
08,10,1.66,1.82,1.95,2.03,2.08,2.05,1.92,1.71,1.45,1.21,1.01,0.91,0.90,0.93,0.99,1.09,1.21,1.33,1.40,1.41,1.38,1.33,1.32,1.39
08,11,1.54,1.73,1.91,2.05,2.13,2.16,2.11,1.96,1.72,1.43,1.14,0.90,0.76,0.74,0.79,0.90,1.03,1.19,1.33,1.42,1.45,1.41,1.36,1.35
08,12,1.42,1.58,1.80,2.01,2.15,2.21,2.23,2.15,1.97,1.69,1.35,1.03,0.76,0.63,0.63,0.74,0.89,1.06,1.24,1.38,1.47,1.47,1.41,1.35
08,13,1.34,1.42,1.62,1.87,2.10,2.24,2.29,2.27,2.16,1.94,1.61,1.24,0.89,0.63,0.54,0.59,0.77,0.97,1.16,1.34,1.45,1.51,1.46,1.38
08,14,1.31,1.30,1.43,1.66,1.96,2.20,2.30,2.34,2.28,2.14,1.86,1.48,1.10,0.75,0.54,0.51,0.65,0.88,1.10,1.29,1.44,1.52,1.52,1.43
08,15,1.33,1.25,1.28,1.45,1.73,2.06,2.26,2.35,2.35,2.26,2.07,1.73,1.33,0.95,0.63,0.51,0.56,0.78,1.04,1.25,1.43,1.53,1.57,1.50
08,16,1.37,1.26,1.19,1.27,1.50,1.83,2.14,2.30,2.36,2.33,2.20,1.95,1.56,1.17,0.81,0.58,0.55,0.70,0.98,1.22,1.40,1.54,1.59,1.58
08,17,1.45,1.31,1.19,1.16,1.31,1.58,1.93,2.19,2.29,2.33,2.26,2.09,1.78,1.39,1.02,0.72,0.61,0.68,0.91,1.19,1.39,1.53,1.61,1.62
08,18,1.55,1.39,1.24,1.13,1.17,1.37,1.68,2.00,2.18,2.25,2.25,2.14,1.93,1.58,1.23,0.91,0.71,0.72,0.88,1.15,1.39,1.53,1.63,1.66
08,19,1.63,1.50,1.33,1.19,1.11,1.21,1.45,1.75,2.01,2.13,2.17,2.13,1.99,1.73,1.40,1.10,0.86,0.78,0.89,1.11,1.37,1.55,1.65,1.70
08,20,1.69,1.61,1.46,1.29,1.16,1.13,1.27,1.51,1.78,1.96,2.03,2.04,1.97,1.80,1.54,1.26,1.02,0.88,0.92,1.09,1.34,1.55,1.67,1.74
08,21,1.75,1.71,1.60,1.44,1.28,1.15,1.16,1.30,1.53,1.73,1.85,1.89,1.88,1.79,1.62,1.39,1.17,1.02,0.99,1.09,1.30,1.53,1.68,1.77
08,22,1.80,1.80,1.73,1.60,1.44,1.27,1.17,1.18,1.30,1.48,1.62,1.69,1.72,1.71,1.63,1.47,1.30,1.16,1.08,1.13,1.27,1.49,1.67,1.78
08,23,1.84,1.86,1.85,1.76,1.62,1.45,1.28,1.18,1.16,1.25,1.37,1.46,1.52,1.54,1.55,1.50,1.39,1.28,1.20,1.20,1.28,1.43,1.63,1.78
08,24,1.87,1.92,1.93,1.91,1.81,1.66,1.46,1.27,1.15,1.09,1.14,1.21,1.27,1.34,1.39,1.44,1.42,1.37,1.32,1.29,1.32,1.40,1.56,1.74
08,25,1.87,1.96,2.00,2.03,1.99,1.87,1.70,1.47,1.25,1.07,0.97,0.98,1.02,1.10,1.19,1.29,1.38,1.41,1.41,1.39,1.38,1.41,1.49,1.64
08,26,1.81,1.95,2.06,2.12,2.14,2.09,1.95,1.73,1.46,1.18,0.95,0.81,0.79,0.84,0.95,1.10,1.26,1.39,1.46,1.47,1.46,1.44,1.45,1.52
08,27,1.67,1.85,2.03,2.17,2.26,2.28,2.20,2.04,1.77,1.43,1.09,0.79,0.63,0.61,0.70,0.88,1.09,1.29,1.45,1.53,1.54,1.50,1.44,1.43
08,28,1.49,1.65,1.88,2.12,2.31,2.40,2.41,2.32,2.12,1.80,1.39,0.97,0.63,0.46,0.47,0.64,0.90,1.16,1.38,1.55,1.61,1.60,1.50,1.40
08,29,1.35,1.40,1.61,1.90,2.21,2.43,2.52,2.53,2.42,2.19,1.80,1.31,0.86,0.48,0.34,0.43,0.68,1.01,1.28,1.51,1.65,1.68,1.62,1.45
08,30,1.31,1.23,1.30,1.56,1.92,2.28,2.50,2.59,2.61,2.48,2.22,1.76,1.23,0.74,0.39,0.32,0.49,0.83,1.19,1.45,1.66,1.75,1.74,1.60
08,31,1.37,1.20,1.09,1.20,1.52,1.93,2.31,2.51,2.61,2.62,2.48,2.17,1.66,1.14,0.66,0.38,0.41,0.67,1.08,1.41,1.63,1.80,1.84,1.78
09,01,1.55,1.29,1.08,0.97,1.14,1.49,1.92,2.27,2.43,2.55,2.54,2.40,2.05,1.54,1.06,0.63,0.47,0.61,0.94,1.35,1.62,1.81,1.92,1.91
09,02,1.78,1.49,1.22,0.98,0.91,1.12,1.47,1.88,2.15,2.29,2.40,2.39,2.24,1.87,1.42,1.01,0.69,0.67,0.88,1.25,1.61,1.80,1.95,2.00
09,03,1.96,1.77,1.46,1.18,0.94,0.92,1.12,1.44,1.79,1.97,2.10,2.19,2.17,2.02,1.68,1.34,1.01,0.84,0.92,1.17,1.54,1.80,1.95,2.05
09,04,2.05,1.98,1.75,1.45,1.17,0.96,0.97,1.13,1.40,1.63,1.75,1.87,1.93,1.92,1.79,1.54,1.30,1.09,1.05,1.19,1.45,1.75,1.93,2.04
09,05,2.10,2.08,1.98,1.75,1.48,1.20,1.03,1.02,1.12,1.31,1.45,1.53,1.62,1.68,1.69,1.60,1.46,1.33,1.22,1.26,1.41,1.65,1.88,2.00
09,06,2.09,2.12,2.09,1.98,1.77,1.52,1.26,1.10,1.05,1.09,1.19,1.25,1.31,1.40,1.47,1.52,1.50,1.46,1.40,1.37,1.44,1.57,1.77,1.93
09,07,2.03,2.10,2.12,2.10,2.00,1.81,1.57,1.33,1.15,1.04,1.02,1.04,1.07,1.14,1.24,1.34,1.44,1.48,1.50,1.49,1.49,1.54,1.65,1.80
09,08,1.93,2.04,2.11,2.14,2.12,2.03,1.85,1.61,1.37,1.15,0.99,0.92,0.90,0.94,1.04,1.16,1.31,1.44,1.52,1.56,1.56,1.56,1.58,1.66
09,09,1.78,1.92,2.05,2.13,2.17,2.16,2.06,1.88,1.63,1.36,1.10,0.91,0.81,0.80,0.88,1.02,1.18,1.36,1.50,1.59,1.62,1.59,1.55,1.55
09,10,1.61,1.74,1.92,2.07,2.17,2.21,2.19,2.08,1.88,1.60,1.30,1.02,0.81,0.72,0.77,0.91,1.09,1.28,1.46,1.59,1.66,1.63,1.56,1.50
09,11,1.48,1.55,1.72,1.94,2.12,2.22,2.26,2.22,2.08,1.85,1.53,1.20,0.91,0.73,0.70,0.82,1.02,1.24,1.43,1.59,1.68,1.69,1.60,1.49
09,12,1.40,1.39,1.51,1.73,2.00,2.19,2.27,2.29,2.22,2.05,1.76,1.42,1.08,0.81,0.69,0.75,0.95,1.20,1.42,1.59,1.70,1.74,1.67,1.53
09,13,1.38,1.28,1.32,1.50,1.79,2.07,2.23,2.30,2.30,2.19,1.97,1.64,1.28,0.96,0.75,0.73,0.89,1.16,1.41,1.60,1.73,1.78,1.75,1.61
09,14,1.42,1.25,1.18,1.29,1.54,1.87,2.13,2.26,2.31,2.27,2.12,1.84,1.49,1.14,0.87,0.77,0.86,1.11,1.41,1.62,1.76,1.83,1.82,1.72
09,15,1.51,1.30,1.13,1.13,1.31,1.61,1.95,2.16,2.25,2.27,2.19,2.00,1.68,1.33,1.03,0.85,0.89,1.08,1.38,1.64,1.79,1.88,1.89,1.82
09,16,1.64,1.39,1.18,1.05,1.12,1.36,1.70,1.99,2.14,2.21,2.20,2.07,1.83,1.50,1.21,0.98,0.93,1.08,1.34,1.64,1.82,1.92,1.95,1.90
09,17,1.77,1.53,1.28,1.08,1.01,1.16,1.43,1.75,1.98,2.08,2.13,2.07,1.91,1.64,1.36,1.13,1.01,1.09,1.32,1.61,1.85,1.96,2.01,1.99
09,18,1.89,1.69,1.43,1.19,1.02,1.03,1.21,1.49,1.76,1.90,1.98,2.00,1.92,1.74,1.48,1.27,1.13,1.13,1.30,1.57,1.84,2.00,2.05,2.06
09,19,1.99,1.85,1.62,1.36,1.13,1.00,1.06,1.24,1.50,1.69,1.79,1.85,1.85,1.76,1.58,1.38,1.25,1.21,1.31,1.53,1.79,2.00,2.08,2.10
09,20,2.07,1.98,1.80,1.56,1.32,1.11,1.02,1.08,1.24,1.44,1.57,1.65,1.70,1.70,1.62,1.48,1.37,1.31,1.35,1.50,1.72,1.96,2.09,2.13
09,21,2.12,2.07,1.96,1.78,1.54,1.30,1.11,1.03,1.07,1.20,1.33,1.42,1.49,1.56,1.58,1.54,1.46,1.41,1.42,1.50,1.66,1.86,2.05,2.12
09,22,2.15,2.13,2.08,1.97,1.78,1.55,1.31,1.12,1.02,1.02,1.10,1.18,1.26,1.35,1.45,1.51,1.52,1.50,1.50,1.54,1.63,1.76,1.94,2.07
09,23,2.14,2.16,2.16,2.12,2.01,1.83,1.59,1.33,1.11,0.97,0.93,0.96,1.03,1.14,1.26,1.40,1.51,1.56,1.59,1.60,1.63,1.69,1.79,1.94
09,24,2.05,2.14,2.20,2.22,2.20,2.09,1.90,1.64,1.35,1.08,0.88,0.80,0.82,0.91,1.06,1.24,1.43,1.57,1.65,1.67,1.66,1.65,1.66,1.74
09,25,1.87,2.02,2.16,2.26,2.31,2.30,2.20,1.99,1.69,1.34,1.02,0.77,0.67,0.71,0.86,1.08,1.31,1.53,1.68,1.75,1.74,1.67,1.60,1.56
09,26,1.61,1.76,1.97,2.18,2.33,2.41,2.41,2.30,2.07,1.72,1.31,0.94,0.66,0.58,0.68,0.91,1.20,1.46,1.68,1.81,1.84,1.77,1.62,1.48
09,27,1.39,1.44,1.65,1.93,2.21,2.40,2.49,2.50,2.38,2.12,1.71,1.26,0.85,0.57,0.56,0.75,1.08,1.41,1.66,1.85,1.93,1.90,1.75,1.51
09,28,1.31,1.18,1.26,1.54,1.89,2.23,2.42,2.52,2.54,2.41,2.12,1.66,1.19,0.77,0.56,0.65,0.94,1.34,1.66,1.88,2.03,2.04,1.94,1.68
09,29,1.37,1.12,0.98,1.13,1.45,1.86,2.20,2.37,2.49,2.50,2.37,2.03,1.56,1.12,0.75,0.66,0.85,1.22,1.65,1.91,2.08,2.17,2.11,1.93
09,30,1.58,1.24,0.94,0.84,1.04,1.39,1.82,2.11,2.27,2.40,2.39,2.25,1.89,1.47,1.08,0.81,0.86,1.13,1.56,1.93,2.12,2.25,2.25,2.14
10,01,1.87,1.48,1.12,0.82,0.79,1.01,1.36,1.75,1.96,2.12,2.24,2.22,2.07,1.73,1.39,1.09,0.96,1.12,1.45,1.87,2.14,2.27,2.34,2.28
10,02,2.13,1.79,1.40,1.04,0.79,0.81,1.01,1.34,1.63,1.78,1.95,2.03,2.02,1.86,1.59,1.36,1.17,1.19,1.40,1.74,2.09,2.26,2.34,2.36
10,03,2.27,2.07,1.72,1.36,1.02,0.83,0.86,1.03,1.30,1.48,1.61,1.75,1.82,1.82,1.69,1.52,1.39,1.31,1.42,1.65,1.96,2.20,2.30,2.35
10,04,2.32,2.22,2.00,1.67,1.35,1.05,0.91,0.93,1.05,1.23,1.33,1.45,1.56,1.63,1.65,1.58,1.52,1.47,1.49,1.62,1.83,2.07,2.22,2.28
10,05,2.31,2.26,2.15,1.94,1.66,1.37,1.12,1.00,0.98,1.04,1.13,1.21,1.31,1.42,1.51,1.56,1.57,1.58,1.58,1.64,1.75,1.91,2.07,2.17
10,06,2.22,2.23,2.19,2.10,1.91,1.67,1.42,1.20,1.06,1.00,1.00,1.04,1.11,1.22,1.34,1.46,1.56,1.62,1.66,1.68,1.73,1.80,1.90,2.01
10,07,2.09,2.15,2.17,2.15,2.07,1.91,1.70,1.46,1.25,1.08,0.98,0.94,0.98,1.06,1.19,1.34,1.50,1.62,1.70,1.74,1.74,1.74,1.77,1.82
10,08,1.91,2.01,2.09,2.13,2.13,2.06,1.92,1.72,1.48,1.25,1.06,0.93,0.90,0.96,1.08,1.25,1.43,1.60,1.72,1.78,1.78,1.73,1.68,1.67
10,09,1.71,1.82,1.95,2.06,2.12,2.13,2.07,1.93,1.72,1.47,1.22,1.01,0.89,0.89,1.00,1.18,1.38,1.57,1.73,1.82,1.83,1.76,1.66,1.57
10,10,1.55,1.61,1.76,1.93,2.07,2.14,2.14,2.08,1.92,1.69,1.41,1.15,0.96,0.88,0.95,1.13,1.35,1.56,1.73,1.85,1.89,1.82,1.69,1.53
10,11,1.42,1.42,1.54,1.75,1.96,2.10,2.16,2.16,2.07,1.88,1.61,1.32,1.07,0.92,0.93,1.09,1.33,1.57,1.76,1.89,1.94,1.90,1.76,1.56
10,12,1.36,1.27,1.32,1.51,1.77,2.00,2.12,2.17,2.15,2.03,1.80,1.51,1.22,1.01,0.95,1.06,1.30,1.58,1.79,1.94,2.01,1.99,1.87,1.64
10,13,1.39,1.19,1.14,1.27,1.53,1.82,2.02,2.13,2.17,2.11,1.95,1.68,1.39,1.14,1.01,1.07,1.28,1.57,1.83,1.99,2.08,2.08,1.98,1.77
10,14,1.48,1.21,1.03,1.06,1.27,1.58,1.86,2.02,2.12,2.13,2.04,1.83,1.54,1.29,1.10,1.09,1.26,1.55,1.86,2.05,2.14,2.17,2.09,1.92
10,15,1.62,1.31,1.04,0.93,1.04,1.30,1.63,1.87,2.00,2.08,2.06,1.93,1.68,1.42,1.22,1.14,1.26,1.52,1.84,2.09,2.20,2.24,2.20,2.05
10,16,1.80,1.46,1.15,0.91,0.88,1.06,1.35,1.65,1.83,1.95,2.01,1.95,1.79,1.54,1.35,1.23,1.26,1.48,1.79,2.10,2.26,2.29,2.28,2.18
10,17,1.98,1.66,1.31,1.01,0.83,0.88,1.09,1.38,1.63,1.76,1.88,1.91,1.83,1.65,1.45,1.33,1.31,1.45,1.73,2.04,2.27,2.34,2.34,2.28
10,18,2.12,1.87,1.53,1.20,0.93,0.82,0.91,1.12,1.38,1.56,1.68,1.78,1.79,1.71,1.55,1.42,1.39,1.45,1.66,1.94,2.22,2.36,2.36,2.33
10,19,2.23,2.05,1.78,1.44,1.14,0.90,0.84,0.93,1.13,1.33,1.46,1.58,1.67,1.68,1.62,1.52,1.47,1.49,1.62,1.84,2.10,2.30,2.36,2.34
10,20,2.29,2.18,2.00,1.72,1.40,1.12,0.92,0.87,0.94,1.10,1.24,1.36,1.48,1.57,1.62,1.59,1.55,1.56,1.62,1.77,1.96,2.17,2.30,2.33
10,21,2.30,2.24,2.15,1.97,1.70,1.41,1.14,0.95,0.88,0.92,1.04,1.15,1.27,1.40,1.52,1.60,1.63,1.64,1.67,1.73,1.84,1.99,2.15,2.24
10,22,2.26,2.25,2.22,2.14,1.98,1.74,1.45,1.18,0.97,0.86,0.87,0.96,1.07,1.21,1.38,1.54,1.65,1.71,1.74,1.75,1.78,1.83,1.93,2.06
10,23,2.14,2.20,2.22,2.22,2.18,2.04,1.80,1.51,1.21,0.97,0.83,0.82,0.90,1.05,1.23,1.43,1.63,1.76,1.82,1.82,1.78,1.74,1.73,1.79
10,24,1.91,2.03,2.14,2.22,2.25,2.23,2.11,1.87,1.56,1.23,0.95,0.78,0.78,0.91,1.11,1.35,1.58,1.78,1.90,1.92,1.86,1.73,1.62,1.55
10,25,1.59,1.73,1.92,2.10,2.22,2.29,2.29,2.17,1.93,1.58,1.22,0.91,0.74,0.80,1.00,1.28,1.56,1.78,1.96,2.04,1.99,1.84,1.62,1.43
10,26,1.30,1.36,1.56,1.82,2.06,2.21,2.30,2.32,2.20,1.94,1.56,1.19,0.88,0.76,0.90,1.19,1.54,1.82,2.02,2.15,2.15,2.03,1.77,1.46
10,27,1.20,1.05,1.15,1.41,1.74,2.01,2.16,2.29,2.30,2.18,1.90,1.51,1.15,0.88,0.87,1.10,1.46,1.85,2.09,2.24,2.30,2.22,2.01,1.65
10,28,1.28,0.96,0.84,1.00,1.30,1.67,1.92,2.08,2.23,2.24,2.11,1.81,1.45,1.13,0.94,1.05,1.37,1.79,2.14,2.32,2.42,2.40,2.25,1.94
10,29,1.51,1.10,0.77,0.71,0.90,1.23,1.59,1.80,1.99,2.12,2.13,1.99,1.69,1.40,1.15,1.09,1.30,1.67,2.10,2.37,2.48,2.52,2.43,2.22
10,30,1.83,1.37,0.95,0.66,0.66,0.86,1.20,1.50,1.68,1.88,1.99,1.99,1.84,1.59,1.38,1.22,1.29,1.57,1.95,2.33,2.49,2.56,2.54,2.39
10,31,2.13,1.69,1.26,0.86,0.64,0.68,0.87,1.18,1.40,1.57,1.76,1.84,1.84,1.70,1.53,1.41,1.36,1.52,1.81,2.17,2.44,2.52,2.55,2.48
11,01,2.31,2.01,1.58,1.18,0.84,0.69,0.73,0.92,1.16,1.31,1.48,1.63,1.70,1.71,1.60,1.53,1.48,1.52,1.73,1.99,2.28,2.44,2.48,2.48
11,02,2.37,2.20,1.88,1.50,1.15,0.87,0.78,0.81,0.96,1.13,1.25,1.41,1.53,1.60,1.62,1.58,1.57,1.58,1.68,1.87,2.09,2.29,2.37,2.39
11,03,2.36,2.25,2.07,1.77,1.46,1.16,0.95,0.86,0.88,0.99,1.10,1.21,1.35,1.46,1.56,1.60,1.62,1.65,1.69,1.79,1.93,2.09,2.21,2.26
11,04,2.27,2.23,2.13,1.96,1.71,1.45,1.20,1.02,0.94,0.94,1.00,1.08,1.20,1.33,1.46,1.57,1.65,1.70,1.74,1.77,1.83,1.92,2.01,2.08
11,05,2.13,2.14,2.11,2.04,1.89,1.69,1.46,1.24,1.08,0.99,0.96,1.00,1.10,1.22,1.37,1.51,1.65,1.74,1.79,1.80,1.79,1.80,1.83,1.88
11,06,1.95,2.00,2.03,2.03,1.97,1.86,1.68,1.47,1.27,1.11,1.01,0.98,1.03,1.15,1.30,1.47,1.63,1.77,1.84,1.85,1.81,1.74,1.70,1.70
11,07,1.74,1.83,1.90,1.96,1.97,1.94,1.84,1.67,1.48,1.28,1.11,1.02,1.00,1.10,1.25,1.44,1.62,1.78,1.89,1.92,1.87,1.76,1.63,1.55
11,08,1.54,1.61,1.73,1.84,1.92,1.95,1.92,1.82,1.65,1.46,1.25,1.10,1.03,1.08,1.23,1.43,1.64,1.81,1.94,1.99,1.95,1.82,1.64,1.47
11,09,1.38,1.39,1.51,1.67,1.82,1.90,1.94,1.91,1.80,1.62,1.41,1.21,1.09,1.09,1.21,1.43,1.66,1.86,1.99,2.07,2.05,1.92,1.71,1.46
11,10,1.27,1.20,1.27,1.45,1.65,1.81,1.90,1.93,1.89,1.75,1.55,1.34,1.17,1.11,1.20,1.41,1.68,1.91,2.06,2.15,2.15,2.04,1.83,1.54
11,11,1.25,1.06,1.05,1.19,1.43,1.66,1.80,1.90,1.92,1.85,1.69,1.47,1.28,1.16,1.20,1.39,1.67,1.95,2.14,2.24,2.26,2.17,1.98,1.67
11,12,1.33,1.03,0.88,0.95,1.16,1.43,1.65,1.79,1.89,1.89,1.79,1.60,1.39,1.25,1.21,1.36,1.63,1.95,2.20,2.32,2.35,2.30,2.14,1.86
11,13,1.48,1.11,0.83,0.76,0.90,1.16,1.44,1.64,1.78,1.87,1.84,1.71,1.51,1.34,1.26,1.33,1.58,1.90,2.21,2.39,2.43,2.41,2.29,2.06
11,14,1.69,1.28,0.92,0.69,0.70,0.89,1.18,1.44,1.61,1.76,1.82,1.76,1.62,1.43,1.34,1.34,1.51,1.82,2.15,2.41,2.49,2.49,2.41,2.23
11,15,1.93,1.52,1.11,0.77,0.61,0.69,0.91,1.20,1.41,1.58,1.72,1.75,1.68,1.53,1.41,1.38,1.46,1.71,2.03,2.34,2.52,2.52,2.49,2.37
11,16,2.14,1.80,1.36,0.98,0.69,0.60,0.71,0.94,1.20,1.37,1.54,1.66,1.68,1.61,1.49,1.44,1.47,1.62,1.89,2.20,2.45,2.53,2.50,2.44
11,17,2.29,2.04,1.67,1.27,0.92,0.67,0.63,0.75,0.97,1.18,1.33,1.50,1.60,1.63,1.58,1.51,1.51,1.58,1.76,2.02,2.28,2.45,2.47,2.44
11,18,2.36,2.21,1.96,1.60,1.23,0.90,0.70,0.68,0.79,0.98,1.15,1.30,1.46,1.56,1.62,1.60,1.58,1.60,1.68,1.85,2.06,2.27,2.37,2.38
11,19,2.34,2.27,2.14,1.90,1.57,1.24,0.93,0.76,0.72,0.82,0.98,1.13,1.29,1.44,1.57,1.65,1.66,1.67,1.69,1.74,1.86,2.02,2.17,2.24
11,20,2.26,2.24,2.19,2.09,1.88,1.59,1.27,0.99,0.81,0.76,0.85,0.99,1.15,1.32,1.49,1.64,1.74,1.77,1.76,1.73,1.74,1.79,1.89,2.01
11,21,2.08,2.12,2.13,2.13,2.06,1.88,1.62,1.32,1.04,0.86,0.80,0.88,1.04,1.23,1.42,1.61,1.78,1.87,1.88,1.82,1.72,1.65,1.63,1.69
11,22,1.80,1.91,1.99,2.04,2.07,2.04,1.90,1.66,1.36,1.09,0.89,0.84,0.96,1.16,1.38,1.60,1.80,1.95,2.01,1.96,1.82,1.64,1.49,1.40
11,23,1.45,1.59,1.74,1.86,1.96,2.03,2.03,1.91,1.68,1.38,1.11,0.92,0.91,1.09,1.34,1.62,1.84,2.02,2.14,2.13,2.01,1.77,1.51,1.27
11,24,1.15,1.21,1.38,1.58,1.75,1.87,1.98,2.00,1.89,1.67,1.38,1.13,0.97,1.03,1.28,1.59,1.90,2.10,2.24,2.29,2.21,2.00,1.67,1.32
11,25,1.02,0.90,0.99,1.20,1.45,1.64,1.79,1.93,1.95,1.86,1.63,1.37,1.15,1.05,1.20,1.51,1.89,2.19,2.34,2.43,2.40,2.24,1.94,1.52
11,26,1.12,0.79,0.70,0.82,1.07,1.35,1.54,1.72,1.86,1.89,1.80,1.57,1.35,1.18,1.18,1.42,1.78,2.17,2.41,2.51,2.55,2.44,2.22,1.82
11,27,1.36,0.93,0.61,0.57,0.72,1.01,1.28,1.46,1.66,1.79,1.81,1.71,1.51,1.34,1.24,1.34,1.64,2.03,2.40,2.55,2.61,2.58,2.42,2.13
11,28,1.67,1.20,0.77,0.52,0.52,0.69,0.99,1.22,1.41,1.61,1.71,1.73,1.61,1.46,1.36,1.34,1.53,1.85,2.24,2.52,2.60,2.63,2.54,2.34
11,29,1.99,1.52,1.07,0.68,0.50,0.53,0.73,1.00,1.19,1.39,1.57,1.64,1.65,1.53,1.45,1.40,1.47,1.70,2.02,2.36,2.53,2.58,2.57,2.43
11,30,2.21,1.82,1.38,0.98,0.65,0.55,0.60,0.81,1.03,1.20,1.39,1.52,1.59,1.58,1.50,1.48,1.48,1.61,1.84,2.13,2.38,2.48,2.50,2.44
12,01,2.29,2.05,1.66,1.28,0.92,0.69,0.63,0.70,0.89,1.06,1.22,1.39,1.49,1.55,1.54,1.52,1.53,1.57,1.72,1.93,2.17,2.33,2.37,2.37
12,02,2.29,2.14,1.88,1.53,1.21,0.91,0.76,0.73,0.82,0.97,1.11,1.26,1.39,1.48,1.55,1.56,1.58,1.60,1.66,1.79,1.96,2.12,2.22,2.24
12,03,2.22,2.13,1.98,1.74,1.45,1.17,0.95,0.84,0.83,0.91,1.03,1.16,1.30,1.41,1.52,1.59,1.63,1.65,1.66,1.71,1.80,1.92,2.01,2.08
12,04,2.09,2.05,1.98,1.84,1.63,1.39,1.17,1.00,0.92,0.93,0.99,1.10,1.23,1.36,1.48,1.59,1.68,1.72,1.72,1.70,1.71,1.75,1.81,1.87
12,05,1.92,1.93,1.91,1.85,1.73,1.57,1.37,1.19,1.05,0.99,1.00,1.07,1.19,1.32,1.46,1.60,1.71,1.79,1.80,1.75,1.70,1.64,1.64,1.66
12,06,1.71,1.76,1.78,1.79,1.75,1.66,1.53,1.36,1.21,1.09,1.05,1.07,1.16,1.31,1.45,1.61,1.75,1.85,1.89,1.84,1.75,1.62,1.51,1.48
12,07,1.48,1.56,1.62,1.68,1.70,1.68,1.62,1.50,1.35,1.22,1.11,1.10,1.16,1.29,1.47,1.64,1.80,1.91,1.98,1.96,1.84,1.67,1.48,1.34
12,08,1.29,1.32,1.42,1.52,1.60,1.64,1.65,1.59,1.48,1.34,1.22,1.14,1.17,1.28,1.47,1.68,1.86,2.00,2.07,2.07,1.97,1.78,1.53,1.28
12,09,1.13,1.09,1.17,1.31,1.45,1.56,1.62,1.63,1.57,1.46,1.32,1.21,1.17,1.26,1.45,1.69,1.92,2.09,2.17,2.19,2.11,1.93,1.65,1.33
12,10,1.05,0.91,0.92,1.06,1.25,1.42,1.54,1.62,1.63,1.56,1.43,1.29,1.21,1.24,1.41,1.66,1.94,2.16,2.28,2.31,2.26,2.10,1.83,1.46
12,11,1.10,0.82,0.72,0.79,0.99,1.22,1.40,1.54,1.63,1.62,1.53,1.39,1.28,1.24,1.35,1.59,1.90,2.19,2.37,2.42,2.40,2.28,2.04,1.68
12,12,1.25,0.87,0.61,0.58,0.71,0.96,1.21,1.39,1.55,1.63,1.60,1.49,1.35,1.28,1.30,1.49,1.80,2.13,2.40,2.50,2.51,2.44,2.25,1.94
12,13,1.50,1.05,0.67,0.47,0.50,0.69,0.97,1.21,1.40,1.56,1.61,1.57,1.44,1.33,1.31,1.40,1.66,2.00,2.33,2.54,2.57,2.55,2.43,2.18
12,14,1.81,1.32,0.88,0.53,0.39,0.48,0.71,1.00,1.22,1.42,1.56,1.59,1.53,1.40,1.34,1.36,1.51,1.81,2.15,2.46,2.58,2.58,2.54,2.37
12,15,2.10,1.66,1.18,0.76,0.45,0.39,0.51,0.77,1.04,1.24,1.43,1.55,1.56,1.49,1.39,1.37,1.42,1.62,1.93,2.25,2.49,2.56,2.54,2.47
12,16,2.29,1.99,1.54,1.09,0.69,0.45,0.44,0.59,0.85,1.08,1.27,1.44,1.53,1.56,1.49,1.42,1.42,1.49,1.70,1.98,2.27,2.44,2.47,2.45
12,17,2.36,2.19,1.88,1.45,1.04,0.68,0.51,0.52,0.69,0.93,1.13,1.31,1.46,1.55,1.58,1.52,1.49,1.48,1.55,1.74,1.97,2.20,2.31,2.33
12,18,2.31,2.23,2.08,1.78,1.40,1.04,0.73,0.60,0.63,0.81,1.02,1.20,1.36,1.50,1.61,1.64,1.60,1.56,1.53,1.57,1.70,1.89,2.06,2.13
12,19,2.15,2.14,2.09,1.96,1.70,1.39,1.06,0.81,0.71,0.75,0.93,1.12,1.29,1.45,1.60,1.71,1.74,1.70,1.63,1.55,1.54,1.60,1.73,1.85
12,20,1.92,1.94,1.95,1.94,1.86,1.65,1.39,1.11,0.91,0.82,0.88,1.06,1.25,1.43,1.59,1.74,1.85,1.87,1.80,1.67,1.53,1.45,1.43,1.51
12,21,1.61,1.68,1.73,1.77,1.81,1.77,1.62,1.41,1.17,1.00,0.93,1.01,1.21,1.43,1.62,1.79,1.93,2.01,1.99,1.87,1.66,1.46,1.29,1.22
12,22,1.27,1.36,1.45,1.53,1.61,1.70,1.70,1.60,1.43,1.23,1.08,1.03,1.15,1.39,1.63,1.85,2.00,2.12,2.16,2.08,1.89,1.61,1.32,1.08
12,23,0.98,1.02,1.13,1.26,1.37,1.50,1.62,1.64,1.59,1.44,1.26,1.14,1.13,1.31,1.58,1.87,2.09,2.22,2.30,2.27,2.13,1.87,1.51,1.15
12,24,0.86,0.75,0.80,0.95,1.12,1.26,1.42,1.56,1.61,1.57,1.42,1.28,1.19,1.24,1.47,1.78,2.10,2.30,2.39,2.43,2.34,2.14,1.79,1.37
12,25,0.96,0.66,0.57,0.65,0.84,1.04,1.20,1.40,1.53,1.59,1.54,1.40,1.29,1.23,1.35,1.63,1.98,2.30,2.45,2.51,2.49,2.35,2.08,1.66
12,26,1.21,0.78,0.50,0.45,0.57,0.81,1.01,1.20,1.40,1.52,1.57,1.49,1.37,1.29,1.29,1.47,1.78,2.16,2.43,2.53,2.56,2.48,2.30,1.97
12,27,1.50,1.04,0.63,0.41,0.41,0.58,0.84,1.04,1.25,1.42,1.51,1.53,1.43,1.35,1.30,1.36,1.59,1.92,2.29,2.49,2.55,2.55,2.42,2.20
12,28,1.80,1.33,0.90,0.54,0.40,0.44,0.66,0.91,1.10,1.31,1.44,1.51,1.49,1.39,1.34,1.32,1.45,1.71,2.04,2.35,2.48,2.51,2.46,2.31
12,29,2.04,1.61,1.18,0.78,0.51,0.44,0.54,0.78,1.00,1.18,1.36,1.45,1.50,1.44,1.38,1.35,1.37,1.55,1.81,2.12,2.34,2.41,2.42,2.33
12,30,2.16,1.85,1.43,1.05,0.72,0.54,0.54,0.69,0.92,1.10,1.27,1.39,1.46,1.48,1.42,1.39,1.38,1.44,1.63,1.88,2.13,2.27,2.31,2.28
12,31,2.17,1.97,1.65,1.29,0.96,0.71,0.63,0.68,0.85,1.04,1.20,1.33,1.42,1.48,1.48,1.44,1.42,1.42,1.52,1.69,1.90,2.08,2.17,2.17
